average_LRHquarter_notes,average_large_8jumps_RH,average_RH_note_10_range,average5ChordNotesRight,Rhythmic Similarity LR 1:1,average_LH32nd_notes,average_LH_note_35_range,fake_range_LH_50,fake_range_RH_35,RH_note_10_range,Advanced Rhythmic Similarity R,average_LH_accidentals,average_LH_2chord_hand_range,Advanced Rhythmic Similarity L,average_LH_2chord_range,average_next_RH_range,average2ChordNotesRight,average_RHhalf_ntoes,average_LH_5chord_range,average_LH_5chord_hand_range,average_LRH64th_notes,RepeatedNotesFeatureBoth,fake_range_RH_20,average_large_5jumps_LH,Advanced Rhythmic Similarity LR,average_large_10jumps_LH,average_LH_note_20_range,LH_note_35_range,VariabilityOfNoteDurationFeature,fake_range_RH_100,average_LRH32nd_notes,average_RH_3chord_range,Left Hand Similarity,average_LHeighth_notes,average_LHhalf_ntoes,average_LRH16th_notes,RepeatedNotesFeatureL,LH_note_50_range,fake_range_RH_10,LH_note_100_range,average_RH_note_100_range,average_LRH_accidentals,average_LH_3chord_range,fake_range_LH_100,average_LRHeighth_notes,average_LH_note_10_range,fake_range_RH_75,average_LH_4chord_hand_range,average_large_10jumps_RH,fake_range_LH_75,average_large_9jumps_LH,average_RH_accidentals,average_LRHwhole_notes,MostCommonNoteQuarterLengthPrevalence,average_RHquarter_notes,average_RH64th_notes,LH_note_20_range,average_density_RLH,fake_range_LH_10,fake_range_LH_20,average_LH_note_75_range,average4ChordNotesRight,average_density_RH,RH_note_50_range,average_RH_note_20_range,average5ChordNotesLeft,average_LHquarter_notes,average_next_LH_range,average_RH_5chord_range,average_RH_5chord_hand_range,average4ChordNotesLeft,average_LH_4chord_range,average_RH_note_50_range,average_RH_3chord_hand_range,MostCommonNoteQuarterLength,average_RH_4chord_range,average_LH_3chord_hand_range,average_LH_note_50_range,average_RH_2chord_range,RH_note_35_range,fake_range_RH_50,RH_note_20_range,average_LHwhole_notes,Right Hand Similarity,LH_note_10_range,RH_note_100_range,average_RHeighth_notes,average3ChordNotesLeft,fake_range_LH_35,average_LH_note_100_range,average_LRHhalf_ntoes,Both Hand Similarity,music_key,NoteDensityFeatureRH,NoteDensityFeatureBH,average_LH64th_notes,average_large_9jumps_RH,average_RH_4chord_hand_range,average3ChordNotesRight,average_density_LH,Name,NoteDensityFeatureLH,Left Right Hand Similarity,average_RH_2chord_hand_range,average_RH_note_35_range,average_LH16th_notes,average2ChordNotesLeft,RepeatedNotesFeatureR,average_RH16th_notes,average_RH_note_75_range,average_large_8jumps_LH,average_RHwhole_notes,average_large_5jumps_RH,average_RH32nd_notes
0.126315789474,9.92307692308,0.0,0.0,0.330188679245,0.0,4.66666666667,5.0,3.0,0.0,0,0.0,5.25,0,5.25,4.09195402299,0.0229885057471,0.0,0.0,0.0,0.0,0.0813953488372,5.0,6.6,0,10.5,4.0,12.0,0,7.0,0.0,3.6875,0.521022727273,0.916666666667,0.0,0.926315789474,0.411764705882,12.0,0.0,16.0,2.0,0.00826446280992,3.671875,7.0,0.410526315789,4.0,2.0,6.5,11.8333333333,2.0,10.0,0.0114942528736,0.0,0.546583850932,0.116883116883,0.0,7.0,2.98347107438,4.0,4.0,2.08333333333,0.0,1.3908045977,6.0,5.0,0.0,0.166666666667,3.92647058824,0.0,0.0,0.0294117647059,2.83333333333,2.66666666667,5.125,0.5,0.0,6.34375,2.83333333333,6.5,5.0,2.0,5.0,0.0,0.52831372549,7.0,19.0,0.292207792208,0.470588235294,6.0,1.57692307692,0.0,0.332606488162,0.1,5.8,10.8,0.0,11.125,0.0,0.183908045977,2.26470588235,34233-42._April-Snowdrop_(Tchaikovsky)_2.musicxml,5.0,0.133091418386,6.5,3.0,0.333333333333,0.235294117647,0.0,1.06493506494,1.875,8.6,0.0,7.68965517241,0.0
0.0461538461538,16.0,3.0,0.0,0.361111111111,0.0,0.0,8.0,5.0,3.0,0,0.0384615384615,5.0,0,5.0,2.35555555556,0.0111111111111,0.0,0.0,0.0,0.0,0.125984251969,3.0,7.33333333333,0,0.0,0.0,0.0,0,15.0,0.0461538461538,0.0,0.576811594203,1.05,0.0,0.0153846153846,0.205128205128,8.0,3.0,18.0,1.88888888889,0.049504950495,3.83333333333,15.0,0.496153846154,0.0,8.0,0.0,16.0,8.0,0.0,0.0333333333333,0.0,0.528169014085,0.0444444444444,0.0,0.0,2.37623762376,0.0,0.0,3.5,0.0,1.01111111111,5.0,3.0,0.0,0.05,2.51923076923,0.0,0.0,0.0,0.0,3.0,0.0,0.166666666667,0.0,6.66666666667,4.5,3.0,5.0,5.0,3.0,0.0,0.461,0.0,9.0,0.25,0.173076923077,0.0,2.7,0.0,0.327902879902,0.1,5.5,9.05,0.0,16.0,0.0,0.0,1.40384615385,34301-105._Sonata_(K._6_L._479)_(Scarlatti)_1.musicxml,4.92307692308,0.142915601023,3.0,3.0,0.0,0.0576923076923,0.0909090909091,0.0222222222222,3.0,8.0,0.0,7.2,0.0666666666667
0.0176991150442,0.0,0.0,0.0,0.320987654321,0.0,5.33333333333,10.0,3.0,0.0,0,0.0,3.81818181818,0,3.81818181818,2.43421052632,0.276315789474,0.0,0.0,0.0,0.0,0.113924050633,2.0,8.63333333333,0,10.5714285714,4.0,14.0,0,9.0,0.0265486725664,3.5,0.567149758454,1.25,0.0,0.938053097345,0.0454545454545,14.0,0.0,14.0,1.5,0.0,3.5,9.0,0.690265486726,0.0,10.0,6.5,0.0,10.0,10.5714285714,0.0,0.0,0.478873239437,0.0112359550562,0.0,4.0,3.02352941176,0.0,4.0,2.18181818182,0.0,1.38157894737,6.0,2.0,0.0,0.0416666666667,5.67924528302,0.0,0.0,0.188679245283,2.83333333333,2.25,4.5,0.25,0.0,6.0,2.18181818182,4.95238095238,3.0,6.0,2.0,0.0,0.458,0.0,14.0,0.539325842697,0.150943396226,11.0,1.5652173913,0.0,0.258661684783,0.1,8.71428571429,13.9285714286,0.0,0.0,0.0,0.0526315789474,2.07547169811,34348-143._Elegie_(Op._19_No._1)_(Gade)_1.musicxml,5.21428571429,0.0,4.95238095238,2.0,0.25,0.207547169811,0.140350877193,1.12359550562,1.66666666667,9.71428571429,0.0,5.625,0.0337078651685
0.0,9.0,0.0,0.0,0.0653594771242,0.0,4.0,2.0,2.0,0.0,0,0.0,5.0,0,5.0,2.14678899083,0.0,0.0,0.0,0.0,0.0,0.0901639344262,2.0,8.0,0,11.0,0.0,4.0,0,5.0,0.145161290323,0.0,0.520987654321,1.4,0.0,0.0,0.428571428571,4.0,0.0,5.0,1.75,0.0,3.67307692308,5.0,0.217741935484,0.0,1.0,0.0,0.0,1.0,11.0,0.0,0.0,0.635761589404,0.0,0.0,0.0,3.12389380531,0.0,0.0,1.6,0.0,1.0,4.0,2.0,0.0,0.0,1.97619047619,0.0,0.0,0.0,0.0,2.0,0.0,0.166666666667,0.0,6.34615384615,2.5,0.0,2.0,3.0,2.0,0.0,0.369708994709,0.0,7.0,0.0550458715596,0.619047619048,4.0,1.36363636364,0.0,0.251732628994,0.1,9.41666666667,13.9166666667,0.0,9.0,0.0,0.0,2.2619047619,34306-108._Sonata_(K._6_L._479)_(Scarlatti)_4.musicxml,4.5,0.0687633031967,0.0,2.0,0.0,0.0238095238095,0.0462962962963,0.0,2.0,8.75,0.0,6.0,0.165137614679
0.545454545455,0.0,1.75,0.0,0.5,0.0,5.0,10.0,6.0,7.0,0,0.04,4.17391304348,0,4.17391304348,2.375,0.75,0.025641025641,0.0,0.0,0.0,0.037037037037,6.0,5.4,0,0.0,0.0,5.0,0,2.0,0.0,0.0,0.573737373737,0.3,0.2,0.409090909091,0.285714285714,10.0,6.0,12.0,1.59090909091,0.1875,0.0,2.0,0.306818181818,0.0,2.0,0.0,0.0,2.0,0.0,0.15625,0.0,0.46875,0.564102564103,0.0,0.0,3.25,0.0,0.0,1.91666666667,0.0,1.75,7.0,1.75,0.0,0.4,2.26,0.0,0.0,0.0,0.0,1.75,0.0,1.0,0.0,0.0,3.25,3.41666666667,7.0,6.0,7.0,0.0,0.345925925926,0.0,14.0,0.307692307692,0.0,5.0,1.91666666667,0.0454545454545,0.261063762626,0.6,7.41176470588,12.3529411765,0.0,0.0,0.0,0.0,1.92,34221-30._Burla_(Op._124_No._12)_(Schumann).musicxml,4.94117647059,0.0945679012346,3.41666666667,1.75,0.4,0.92,0.0,0.410256410256,1.59090909091,0.0,0.0,5.0,0.0
0.00740740740741,8.33333333333,0.0,0.0,0.203045685279,0.0,5.0,5.0,21.0,0.0,0,0.017094017094,3.25,0,3.25,3.0,0.701298701299,0.0,0.0,0.0,0.0,0.0078125,22.0,5.67777777778,0,11.0,0.0,5.0,0,8.0,0.0,4.5,0.359866699716,0.0405405405405,0.0,0.0,0.00909090909091,5.0,0.0,16.0,2.0,0.0202702702703,2.5,8.0,0.0777777777778,0.0,5.0,8.0,0.0,5.0,10.3333333333,0.012987012987,0.0,0.671875,0.0416666666667,0.0,0.0,2.97297297297,0.0,0.0,4.0,0.0,1.75324675325,23.0,12.0,0.0,0.0,5.0,0.0,0.0,0.00854700854701,3.33333333333,3.44444444444,8.0,0.166666666667,0.0,4.0,5.0,4.96296296296,23.0,18.0,23.0,0.0,0.389777777778,0.0,29.0,0.25,0.00854700854701,5.0,2.15384615385,0.0,0.199351789374,0.4,7.16666666667,17.0833333333,0.0,9.0,0.0,0.025974025974,1.07692307692,34390-192._Bagatelle_(Op._126_No._6)_(Beethoven)_3.musicxml,9.91666666667,0.0199344515134,4.96296296296,5.4,0.0,0.034188034188,0.0,0.0,2.46666666667,8.58333333333,0.0,6.1875,0.0
0.418439716312,8.2,0.0,0.0,0.209150326797,0.0,2.5,3.0,7.0,0.0,0,0.22641509434,4.43333333333,0,4.43333333333,3.375,0.0,0.215189873418,0.0,0.0,0.0,0.0446428571429,5.0,6.05263157895,0,0.0,2.5,10.0,0,10.0,0.0,3.5,0.538068181818,0.0,0.903225806452,0.0,0.0833333333333,12.0,0.0,14.0,2.3,0.232323232323,4.5,10.0,0.0212765957447,7.0,10.0,0.0,0.0,10.0,0.0,0.1375,0.0354609929078,0.541095890411,0.73417721519,0.0,10.0,2.59595959596,7.0,9.0,1.41935483871,0.0,1.025,7.0,5.0,0.0,0.0161290322581,3.64150943396,0.0,0.0,0.0,0.0,3.0,6.0,2.0,0.0,8.0,2.0,0.0,7.0,4.0,5.0,0.0806451612903,0.461095680377,7.0,14.0,0.0379746835443,0.0188679245283,9.0,1.41935483871,0.517730496454,0.256440550111,0.4,2.48076923077,5.38461538462,0.0,9.0,0.0,0.0125,1.60377358491,34338-133._Hornpipe_(Loeillet)_2.musicxml,2.90384615385,0.0158800410116,0.0,4.0,0.0,0.566037735849,0.0263157894737,0.0,2.0,8.0,0.0,6.35294117647,0.0
0.241379310345,0.0,1.5,0.0,0.147058823529,0.0,0.0,0.0,1.0,2.0,0,0.0,8.0,0,8.0,1.97872340426,0.468085106383,0.0625,0.0,0.0,0.0,0.045045045045,1.0,7.07142857143,0,0.0,0.0,0.0,0,4.0,0.0,0.0,0.498294573643,1.39285714286,0.0,0.0,0.0,0.0,1.0,8.0,1.4,0.0,0.0,4.0,1.11206896552,0.0,5.0,0.0,0.0,5.0,0.0,0.0,0.0,0.651851851852,0.6875,0.0,0.0,2.51111111111,0.0,0.0,5.0,0.0,1.46808510638,4.0,1.5,0.0,0.0714285714286,5.78823529412,0.0,0.0,0.0,0.0,1.75,0.0,0.5,0.0,0.0,0.0,3.72727272727,2.0,2.0,2.0,0.0,0.593939393939,0.0,7.0,0.375,0.0,0.0,2.4,0.0172413793103,0.295025105708,0.2,3.0,7.4,0.0,0.0,0.0,0.0,1.01176470588,34324-115._Two_German_Dances_(No._2)_(Haydn).musicxml,4.4,0.0359595959596,3.72727272727,1.5,0.0,0.0117647058824,0.178571428571,0.0,1.625,8.0,0.0,5.0,0.0
0.0,12.0,6.0,0.0,0.46875,0.0,3.0,4.0,5.0,11.0,0,0.0,7.9552238806,0,7.9552238806,2.32,0.0,0.0,0.0,0.0,0.0,0.0,10.0,6.5,0,10.0,0.0,7.0,0,1.0,0.0,3.51219512195,0.477462121212,1.5,0.0,0.0,0,7.0,10.0,15.0,1.45833333333,0.0,0.0,1.0,1.5,0.0,6.0,0.0,12.0,6.0,9.5,0.0,0.0,0.508333333333,0.0,0.0,0.0,5.25,0.0,0.0,2.6,0.18,3.18,11.0,6.0,0.0,0.0,2.86764705882,0.0,0.0,0.0,0.0,1.625,5.82926829268,1.0,2.88888888889,0.0,3.0,0.0,11.0,5.0,11.0,0.0,0.567149758454,0.0,12.0,1.5,0.0,4.0,2.16666666667,0.0,0.273445188352,0.2,3.28,7.2,0.0,12.0,6.66666666667,0.82,1.98529411765,34334-127._An_Important_Event_(Op._15_No._6)_(Schumann)_2.musicxml,3.92,0.0309178743961,0.0,1.625,0.0,0.985294117647,0.0,0.0,1.625,9.5,0.0,6.75,0.0
0.047619047619,0.0,0.0,0.0,0.593406593407,0.0,0.0,3.0,5.0,0.0,0,0.0,0.0,0,0.0,2.21428571429,0.0,0.0714285714286,0.0,0.0,0.0,0.111111111111,0.0,0.0,0,0.0,0.0,0.0,0,2.0,0.0,0.0,0.678571428571,0.0,0.0,0.0,0,3.0,0.0,5.0,2.66666666667,0.0,3.21739130435,2.0,1.32142857143,0.0,1.0,0.0,0.0,1.0,0.0,0.0,0.0,0.745454545455,0.047619047619,0.0,0.0,2.78723404255,0.0,0.0,2.0,0.0,1.0,7.0,0.0,0.0,0.0,1.30434782609,0.0,0.0,0.0,0.0,4.0,0.0,0.5,0.0,5.4347826087,3.0,0.0,5.0,7.0,0.0,0.0,0.533333333333,0.0,11.0,1.32142857143,1.0,0.0,1.8,0.0714285714286,0.300571428571,0,3.6875,6.9375,0.0,0.0,0.0,0.0,3.0,34245-55._Bright_Orange_(Starer)_1.musicxml,3.25,0.0,0.0,5.0,0.0,0.0,0.111111111111,0.0,4.0,0.0,0.0,5.0,0.0
0.25,8.6,0.0,0.0,0.847826086957,0.0,2.5,2.0,2.0,0.0,0,0.0,5.0,0,5.0,3.45,0.0,0.05,0.0,0.0,0.0,0.0,2.0,11.8,0,16.1428571429,6.0,7.0,0,7.0,0.0,0.0,0.364300411523,1.05,0.05,0.0,0.0,7.0,0.0,22.0,1.7,0.0,10.83125,7.0,1.05,0.0,4.0,0.0,11.0,4.0,16.1428571429,0.0,0.0,0.636363636364,0.25,0.0,6.0,3.73076923077,0.0,6.0,1.69230769231,0.0,1.0,5.0,3.0,0.0,0.25,4.29761904762,0.0,0.0,0.0,0.0,3.0,0.0,0.5,0.0,12.6625,2.5,0.0,5.0,2.0,5.0,0.0,0.410093174112,0.0,8.0,1.05,0.952380952381,2.0,2.05,0.05,0.243821225943,0,3.51515151515,9.21212121212,0.0,11.0,0.0,0.0,2.95238095238,34295-97._The_Mountaineers_Song_(Op._73_No._7)_(Grieg)_2.musicxml,5.69696969697,0.103920402859,0.0,3.0,0.0,0.047619047619,0.0,0.0,2.25,11.8,0.0,8.36363636364,0.0
0.888888888889,9.0,0.0,0.0,0.419047619048,0.0,5.0,5.0,2.0,0.0,0,0.0,6.0,0,6.0,1.89655172414,0.913793103448,0.0,0.0,0.0,0.0,0.5,0.0,6.23076923077,0,0.0,5.0,5.0,0,5.0,0.0,3.25,0.615017936999,0.0,0.0,0.0,0.571428571429,8.0,0.0,9.0,1.35714285714,0.0,3.44444444444,5.0,0.166666666667,5.0,5.0,7.0,0.0,5.0,0.0,0.0,0.0,0.666666666667,0.333333333333,0.0,5.0,4.2131147541,5.0,5.0,2.16666666667,0.0,1.98275862069,2.0,0.0,0.0,1.0,4.47727272727,0.0,0.0,0.0227272727273,3.0,1.5,5.5,1.0,0.0,5.88888888889,3.33333333333,7.11320754717,2.0,1.0,0.0,0.0,0.593162393162,5.0,6.0,1.0,0.613636363636,5.0,1.53333333333,0.0,0.30204508254,0.4,3.375,6.29166666667,0.0,9.0,0.0,0.0344827586207,2.31818181818,34289-91._Valse_Sentimental_(D._779_Op._50_No._28)_(Schubert).musicxml,2.91666666667,0.0,7.11320754717,2.0,0.0,0.0227272727273,0.0,0.0,1.8,8.0,0.0,7.0,0.0
0.478260869565,0.0,0.0,0.0,0.730769230769,0.0,1.0,1.0,1.0,0.0,0,0.0,4.63157894737,0,4.63157894737,1.61016949153,0.762711864407,0.0,0.0,0.0,0.0,0.571428571429,2.0,7.0,0,0.0,0.0,1.0,0,4.0,0.0,0.0,0.763157894737,0.0,0.0,0.0,0.625,1.0,0.0,7.0,1.57142857143,0.0,0.0,4.0,0.391304347826,0.0,4.0,0.0,0.0,4.0,0.0,0.0,0.0,0.459770114943,0.357142857143,0.0,0.0,2.98305084746,0.0,0.0,1.75,0.0,1.76271186441,3.0,2.0,0.0,0.666666666667,2.53571428571,0.0,0.0,0.0,0.0,1.66666666667,0.0,1.0,0.0,0.0,1.0,4.02222222222,2.0,2.0,2.0,0.0,0.505559299191,0.0,9.0,0.642857142857,0.0,1.0,1.66666666667,0.0,0.312361906719,0.1,3.36,6.08,0.0,0.0,0.0,0.0,1.67857142857,34372-172._Oats_Peas_Beans_and_Barley_Grow.musicxml,2.72,0.00431034482759,4.02222222222,1.5,0.0,0.678571428571,0.538461538462,0.0,1.77777777778,8.0,0.0,5.0,0.0
0.0588235294118,8.33333333333,0.0,0.0,0.227272727273,0.0,4.5,8.0,4.0,0.0,0,0.0,6.33333333333,0,6.33333333333,3.4537037037,0.12962962963,0.0,0.0,0.0,0.0,0.0330578512397,0.0,6.97368421053,0,13.0,0.0,8.0,0,1.0,0.0,4.5,0.569444444444,1.2972972973,0.0,0.823529411765,0.0606060606061,8.0,0.0,13.0,1.73333333333,0.0442477876106,3.83333333333,1.0,0.529411764706,0.0,6.0,0.0,0.0,6.0,13.0,0.0462962962963,0.0,0.493975903614,0.030303030303,0.0,0.0,2.85840707965,0.0,0.0,2.14285714286,0.0,1.14814814815,6.0,0.0,0.0,0.135135135135,5.57627118644,0.0,0.0,0.0,0.0,2.66666666667,8.0,0.5,0.0,6.66666666667,4.5,4.71428571429,4.0,3.0,0.0,0.0,0.55037037037,0.0,12.0,0.242424242424,0.35593220339,8.0,2.09090909091,0.0,0.289244444444,0.2,7.47058823529,12.1176470588,0.0,9.0,0.0,0.00925925925926,1.76271186441,34187-1._The_Favorite_1.musicxml,4.64705882353,0.0,4.71428571429,4.0,0.0,0.0508474576271,0.0227272727273,1.13131313131,2.0,8.21739130435,0.0,6.52,0.0
0.0363636363636,8.85714285714,0.0,0.0,0.238095238095,0.0,4.33333333333,6.0,5.0,0.0,0,0.0,4.0,0,4.0,2.81034482759,0.0862068965517,0.0188679245283,0.0,0.0,0.0,0.320754716981,0.0,7.25,0,0.0,3.0,11.0,0,5.0,0.0,0.0,1.0,1.5,0.0,0.581818181818,1.0,11.0,0.0,15.0,2.0,0.0322580645161,3.28571428571,5.0,0.436363636364,3.0,3.0,0.0,11.0,3.0,0.0,0.0344827586207,0.0,0.45,0.0377358490566,0.0,3.0,2.03225806452,3.0,3.0,3.0,0.0,1.08620689655,5.0,0.0,0.0,0.0,4.04545454545,0.0,0.0,0.0,0.0,3.0,0.0,0.5,0.0,5.57142857143,4.33333333333,3.2,5.0,3.0,0.0,0.0,0.730484330484,3.0,12.0,0.396226415094,0.318181818182,6.0,2.55555555556,0.0181818181818,0.534367715618,0.1,5.64705882353,9.29411764706,0.0,11.0,0.0,0.0,2.22727272727,34220-28._Curious_Story_(Heller).musicxml,3.64705882353,0.168997668998,3.2,5.0,0.0,0.590909090909,0.307692307692,0.603773584906,2.2,8.0,0.0,8.85714285714,0.0
0.25,0.0,3.0,0.0,0.860215053763,0.0,3.0,5.0,2.0,3.0,0,0.0454545454545,3.45454545455,0,3.45454545455,1.9387755102,0.69387755102,0.0,0.0,0.0,0.0,0.195652173913,3.0,5.75,0,0.0,3.0,5.0,0,2.0,0.0,0.0,0.603322030567,1.18181818182,0.0,0.0,0.125,5.0,3.0,11.0,1.42857142857,0.0408163265306,0.0,2.0,1.125,3.0,3.0,0.0,0.0,3.0,0.0,0.0,0.0,0.602150537634,0.333333333333,0.0,5.0,2.91836734694,5.0,5.0,3.0,0.0,1.69387755102,4.0,3.0,0.0,0.212121212121,2.79545454545,0.0,0.0,0.0,0.0,2.5,0.0,0.5,0.0,0.0,3.0,3.79411764706,4.0,2.0,3.0,0.0,0.639276485788,5.0,7.0,1.0,0.0,5.0,2.0,0.0,0.374094217503,0.1,3.82352941176,7.35294117647,0.0,0.0,0.0,0.0,1.25,34382-183._Try_Try_Again.musicxml,3.52941176471,0.126889176828,3.79411764706,2.5,0.0,0.25,0.357142857143,0.0,1.66666666667,8.0,0.0,5.0,0.0
0.1328125,10.5,0.0,0.0,0.523076923077,0.0,5.5,13.0,6.0,0.0,0,0.166666666667,3.41666666667,0,3.41666666667,3.4756097561,0.463414634146,0.0,0.0,0.0,0.0,0.05,19.0,9.11111111111,0,14.9,11.0,19.0,0,13.0,0.0,0.0,0.510857142857,1.425,0.0,0.03125,0.0677966101695,19.0,0.0,21.0,1.77777777778,0.5,0.0,13.0,1.25390625,0.0,3.0,0.0,14.0,3.0,14.3636363636,0.414634146341,0.0,0.879310344828,0.205882352941,0.0,11.0,2.52083333333,0.0,11.0,4.33333333333,0.0,1.46341463415,20.0,19.0,0.0,0.05,4.15476190476,0.0,0.0,0.0,0.0,4.16666666667,0.0,0.5,0.0,0.0,5.5,4.92105263158,19.0,2.0,19.0,0.0,0.488,0.0,22.0,1.10294117647,0.0,13.0,2.42857142857,0.0,0.275833333333,0.6,5.48,10.0,0.0,14.0,0.0,0.0,1.28571428571,34361-158._Visions_Fugitives_(Op._22_No._4)_(Prokofiev)_1.musicxml,4.52,0.0549047619048,4.92105263158,7.0,0.0,0.285714285714,0.0243902439024,0.0588235294118,2.11111111111,14.3636363636,0.0,8.95,0.0
0.180327868852,11.0,0.0,0.0,1.0,0.0,4.0,6.0,4.0,0.0,0,0.0,3.66666666667,0,3.66666666667,3.19444444444,0.222222222222,0.0,0.0,0.0,0.0,0.166666666667,0.0,6.22727272727,0,11.0,0.0,4.0,0,8.0,0.0,0.0,0.466666666667,1.15909090909,0.0,0.0,0.145161290323,6.0,0.0,12.0,2.0,0.0,0.0,8.0,1.15573770492,0.0,12.0,0.0,11.0,12.0,11.0,0.0,0.0,0.764705882353,0.178571428571,0.0,0.0,2.30555555556,0.0,0.0,4.66666666667,0.0,1.22222222222,4.0,0.0,0.0,0.181818181818,3.80555555556,0.0,0.0,0.0,0.0,4.0,0.0,0.5,0.0,0.0,3.5,3.5625,4.0,4.0,0.0,0.0,0.470833333333,0.0,12.0,1.15178571429,0.0,4.0,2.22222222222,0.0,0.302864583333,0.1,3.68,7.36,0.0,11.0,0.0,0.0,1.08333333333,34192-6._Hunting_Song_(Op._68_No._7)_(Schumann).musicxml,3.68,0.133854166667,3.5625,4.0,0.0,0.0833333333333,0.192307692308,0.0,3.75,10.0,0.0,6.71428571429,0.0
0.428571428571,10.0,0.0,0.0,0.583333333333,0.272727272727,0.0,2.0,1.0,0.0,0,0.0,4.28571428571,0,4.28571428571,2.65789473684,0.447368421053,0.0769230769231,0.0,0.0,0.0,0.347826086957,3.0,5.33333333333,0,0.0,0.0,0.0,0,2.0,0.342857142857,3.82352941176,0.755319148936,0.272727272727,0.0909090909091,0.0571428571429,0.5,11.0,0.0,11.0,1.66666666667,0.0,3.25,2.0,0.257142857143,0.0,2.0,8.0,10.0,2.0,0.0,0.0,0.0,0.5,0.307692307692,0.0,0.0,4.08888888889,0.0,0.0,1.55555555556,0.105263157895,2.65789473684,10.0,3.0,0.0,0.5,2.3125,0.0,0.0,0.0625,3.33333333333,2.5,5.11764705882,1.0,3.33333333333,5.5,1.55555555556,5.17647058824,3.0,7.0,3.0,0.0,0.568234311268,0.0,15.0,0.230769230769,0.0625,0.0,1.55555555556,0.0857142857143,0.373719292847,0.2,4.17647058824,7.70588235294,0.0,10.0,8.0,0.447368421053,1.75,34249-59._Bridal_Chorus_(Wagner)_3.musicxml,3.52941176471,0.0950775214467,5.17647058824,2.0,0.0,0.4375,0.0,0.153846153846,1.66666666667,0.0,0.0,6.57142857143,0.461538461538
0.0,9.0,0.0,0.0,0.015503875969,0.0,0.0,5.0,2.0,0.0,0,0.0,0.0,0,0.0,2.92941176471,0.0705882352941,0.0,0.0,0.0,0.0,0.0,0.0,8.45833333333,0,13.8,0.0,0.0,0,2.0,0.0,0.0,0.611609336609,1.46511627907,0.0,1.3023255814,0.0,5.0,0.0,5.0,1.54545454545,0.0,0.0,2.0,0.488372093023,0.0,2.0,0.0,0.0,2.0,13.8,0.0,0.0,0.651162790698,0.0,0.0,0.0,2.07058823529,0.0,0.0,2.0,0.0,1.07058823529,4.0,0.0,0.0,0.0,5.6511627907,0.0,0.0,0.0,0.0,2.5,0.0,0.25,0.0,0.0,5.0,5.5,4.0,2.0,0.0,0.0,0.484,0.0,7.0,0.0,0.0,0.0,2.0,0.0,0.275070062961,0.2,8.08333333333,12.5833333333,0.0,9.0,0.0,0.0,1.0,34394-199._Sonata_(K._55_L._335)_(Scarlatti)_3.musicxml,4.5,0.0,5.5,2.5,0.0,0.0,0.0,1.95348837209,2.5,9.61111111111,0.0,5.78571428571,0.0
0.051724137931,0.0,0.0,0.0,0.389830508475,0.0,2.0,4.0,3.0,0.0,0,0.0,0.0,0,0.0,2.12068965517,0.0,0.051724137931,0.0,0.0,0.0,0.204081632653,0.0,0.0,0,0.0,3.0,5.0,0,3.0,0.0,0.0,0.772727272727,0.0,0.0,0.0,0,5.0,0.0,7.0,3.0,0.046875,3.0,3.0,1.34482758621,3.0,4.0,0.0,0.0,4.0,0.0,0.051724137931,0.0,0.671232876712,0.051724137931,0.0,3.0,3.1875,3.0,3.0,2.0,0.0,1.0,7.0,0.0,0.0,0.0,1.65625,0.0,0.0,0.0,0.0,4.0,0.0,0.5,0.0,5.0,2.0,0.0,3.0,7.0,0.0,0.0,0.524786324786,3.0,15.0,1.34482758621,1.0,4.0,1.85714285714,0.051724137931,0.312559440559,0.1,3.80952380952,6.71428571429,0.0,0.0,0.0,0.0,3.0,34246-56._Bright_Orange_(Starer)_2.musicxml,2.90476190476,0.0,0.0,3.0,0.0,0.0,0.204081632653,0.0,3.8,0.0,0.0,5.0,0.0
0.478494623656,0.0,0.0,0.0,0.382608695652,0.0,6.0,2.0,2.0,0.0,0,0.0,8.0,0,8.0,2.61290322581,0.540322580645,0.0757575757576,0.0,0.0,0.0,0.141732283465,2.0,6.77272727273,0,0.0,6.0,6.0,0,2.0,0.0,3.56578947368,0.469245372568,0.3375,0.00833333333333,0.172043010753,0.16091954023,6.0,0.0,13.0,1.25,0.0,0.0,2.0,0.395161290323,0.0,13.0,0.0,0.0,13.0,0.0,0.0,0.0,0.417322834646,0.136363636364,0.0,6.0,3.05063291139,0.0,6.0,3.0,0.0161290322581,2.20161290323,8.0,3.5,0.0,0.666666666667,2.83333333333,0.0,0.0,0.0,0.0,1.58333333333,4.92105263158,1.0,3.83333333333,0.0,2.66666666667,3.23880597015,7.0,3.0,6.0,0.0,0.435243055556,0.0,11.0,0.5,0.0,6.0,1.92307692308,0.0322580645161,0.285313645872,0.2,4.69090909091,9.4,0.0,0.0,3.5,0.306451612903,1.15740740741,34374-174._Anguished_Soul_(Couperin).musicxml,4.70909090909,0.120161630544,3.23880597015,2.2,0.0833333333333,0.157407407407,0.1,0.333333333333,1.38461538462,8.0,0.0,6.06666666667,0.0
0.3125,8.0,0.0,0.0,0.289308176101,0.0,6.0,9.0,3.0,0.0,0,0.0,4.0,0,4.0,2.47058823529,0.161764705882,0.0,0.0,0.0,0.0,0.247311827957,0.0,8.33333333333,0,0.0,0.0,6.0,0,4.0,0.0,2.5,0.608888888889,0.837209302326,0.0,0.291666666667,0.238095238095,9.0,0.0,9.0,1.71428571429,0.0,2.5,4.0,0.796875,0.0,2.0,0.0,0.0,2.0,9.0,0.0,0.0,0.60162601626,0.320754716981,0.0,0.0,1.8691588785,0.0,0.0,3.66666666667,0.0,1.27941176471,3.0,0.0,0.0,0.302325581395,2.25,0.0,0.0,0.0,0.0,3.0,4.0,0.5,0.0,4.0,5.0,3.36363636364,3.0,3.0,0.0,0.0,0.550757575758,0.0,6.0,0.764150943396,0.142857142857,6.0,2.33333333333,0.0,0.330698824985,0.2,3.85714285714,7.57142857143,0.0,0.0,0.0,0.0588235294118,1.375,34366-163._African_Incantation_(Ranki).musicxml,3.71428571429,0.0810606060606,3.36363636364,3.0,0.279069767442,0.0892857142857,0.254901960784,0.301886792453,2.0,8.33333333333,0.0,7.33333333333,0.0
0.0,8.04347826087,0.0,0.0,0.0810810810811,0.0,8.0,8.0,5.0,0.0,0,0.0,7.67741935484,0,7.67741935484,3.92771084337,0.373493975904,0.0,0.0,0.0,0.0,0.285714285714,8.0,6.775,0,0.0,0.0,8.0,0,2.0,0.0,3.43333333333,0.535914304993,1.5,0.0,1.42307692308,0.142857142857,9.0,0.0,11.0,1.375,0.0,3.5,2.0,0.432692307692,0.0,5.0,0.0,0.0,5.0,9.0,0.0,0.0,0.610294117647,0.0,0.0,0.0,3.9801980198,0.0,0.0,2.14285714286,0.0,1.73493975904,8.0,8.0,0.0,0.0,5.03174603175,0.0,0.0,0.0,0.0,2.75,5.86666666667,0.5,0.0,6.0,3.0,5.22580645161,8.0,3.0,8.0,0.0,0.478355794405,0.0,10.0,0.0,0.269841269841,8.0,1.66666666667,0.0,0.253500293087,0.2,5.29411764706,10.0,0.0,9.0,0.0,0.180722891566,2.03174603175,34314-113._Swipesy_(Joplin)_4.musicxml,4.70588235294,0.0,5.22580645161,4.5,0.0,0.492063492063,0.342857142857,2.0,1.875,8.14285714286,0.0,7.44827586207,0.0
0.583333333333,0.0,1.0,0.0,0.313953488372,0.0,5.0,4.0,1.0,1.0,0,0.0,3.66666666667,0,3.66666666667,1.9797979798,0.30303030303,0.0869565217391,0.0,0.0,0.0,0.0940170940171,1.0,5.44444444444,0,0.0,5.0,5.0,0,5.0,0.0,0.0,0.639909297052,0.0,0.196078431373,0.0,0.142857142857,5.0,1.0,6.0,1.57142857143,0.0,3.0,5.0,0.25,5.0,4.0,0.0,0.0,4.0,9.0,0.0,0.0333333333333,0.653594771242,0.550724637681,0.0,5.0,2.11764705882,5.0,5.0,2.0,0.0,1.30303030303,2.0,1.0,0.0,0.627450980392,2.94545454545,0.0,0.0,0.0,0.0,1.5,0.0,1.0,0.0,5.0,2.0,3.0,1.0,2.0,1.0,0.078431372549,0.507771030139,5.0,5.0,0.434782608696,0.0181818181818,5.0,1.625,0.133333333333,0.38003553533,0,2.74137931034,4.91379310345,0.0,0.0,0.0,0.0,1.09090909091,34278-80._Theme_from_Water_Music_(Handel).musicxml,2.1724137931,0.192225779983,3.0,1.0,0.0,0.0545454545455,0.0588235294118,0.0,1.6,9.0,0.0,0.0,0.0
0.0,9.0,0.0,0.0,0.0128205128205,0.0,0.0,4.0,6.0,0.0,0,0.0,0.0,0,0.0,2.96116504854,0.0582524271845,0.0,0.0,0.0,0.0,0.0,3.0,9.16129032258,0,13.3333333333,0.0,0.0,0,7.0,0.0,0.0,0.716747181965,1.47115384615,0.0,1.30769230769,0.0,4.0,0.0,7.0,1.63636363636,0.0,0.0,7.0,0.490384615385,0.0,7.0,0.0,0.0,7.0,13.3333333333,0.0,0.0,0.653846153846,0.0,0.0,0.0,2.05825242718,0.0,0.0,2.5,0.0,1.05825242718,6.0,3.0,0.0,0.0,6.38461538462,0.0,0.0,0.0,0.0,2.66666666667,0.0,0.25,0.0,0.0,4.0,5.5,6.0,6.0,3.0,0.0,0.427693602694,0.0,8.0,0.0,0.0,0.0,2.5,0.0,0.28251923421,0.1,8.42857142857,13.0714285714,0.0,9.0,0.0,0.0,1.0,34395-200._Sonata_(K._55_L._335)_(Scarlatti)_4.musicxml,4.64285714286,0.0287878787879,5.5,2.66666666667,0.0,0.0,0.0,1.96153846154,2.5,9.77777777778,0.0,6.0,0.0
0.0301204819277,0.0,0.0,0.0,0.312849162011,0.0,2.0,2.0,3.0,0.0,0,0.0,0.0,0,0.0,2.16346153846,0.0,0.0,0.0,0.0,0.0,0.0858895705521,0.0,8.66666666667,0,15.0,0.0,3.0,0,3.0,0.10843373494,0.0,0.596088567006,1.45161290323,0.0,0.746987951807,0.0,3.0,0.0,7.0,2.0,0.0,0.0,3.0,0.813253012048,0.0,4.0,0.0,0.0,4.0,15.0,0.0,0.0,0.539393939394,0.0288461538462,0.0,0.0,1.83783783784,0.0,0.0,2.25,0.0,1.0,3.0,0.0,0.0,0.0322580645161,3.29032258065,0.0,0.0,0.0,0.0,3.0,0.0,0.5,0.0,0.0,2.0,0.0,3.0,3.0,0.0,0.0,0.488131313131,0.0,8.0,0.432692307692,0.0,2.0,1.85714285714,0.0,0.282682213555,0.2,6.25,10.8,0.0,0.0,0.0,0.0,1.0,34199-12._Bourree_(No._16)_(Scarlatti)_1.musicxml,4.55,0.0234321599453,0.0,3.0,0.0,0.0,0.137254901961,1.19230769231,2.0,8.875,0.0,5.75,0.173076923077
0.0169491525424,9.2,3.0,0.0,0.367346938776,0.0,10.0,11.0,7.0,3.0,0,0.0416666666667,6.38461538462,0,6.38461538462,3.87628865979,0.371134020619,0.0227272727273,0.0,0.0,0.0,0.0714285714286,5.0,8.55102040816,0,10.7272727273,10.0,10.0,0,3.0,0.915254237288,5.25,0.483925829238,1.5,0.0,0.0,0.3125,22.0,3.0,23.0,1.26530612245,0.102040816327,4.4,3.0,0.991525423729,0.0,3.0,0.0,10.0,3.0,10.5833333333,0.0721649484536,0.0,0.740740740741,0.0227272727273,0.0,10.0,3.04081632653,0.0,10.0,2.46666666667,0.0515463917526,1.69072164948,9.0,3.0,0.0,0.0,6.45833333333,0.0,0.0,0.0,0.0,1.5,5.25,0.5,4.33333333333,7.8,4.0,4.44444444444,9.0,1.0,7.0,0.0,0.404025615115,0.0,14.0,0.818181818182,0.0694444444444,10.0,2.0,0.0169491525424,0.255322896772,0.6,9.05882352941,14.2941176471,0.0,9.5,5.4,0.0824742268041,1.5,34369-168._Rhapsodie_in_Eb_Major_(Op._119_No._4)_(Brahms)_4.musicxml,5.23529411765,0.062866191194,4.44444444444,2.6,0.0,0.361111111111,0.0,0.0,1.26530612245,9.87878787879,0.0,6.18518518519,1.22727272727
0.06,0.0,4.0,0.0,0.79674796748,0.0,5.0,5.0,6.0,4.0,0,0.0,4.5,0,4.5,1.40740740741,0.703703703704,0.0,0.0,0.0,0.0,0.130434782609,4.0,5.7,0,0.0,0.0,5.0,0,4.0,0.0,3.16666666667,0.612698412698,1.33695652174,0.0,0.0,0.093023255814,5.0,4.0,10.0,1.61538461538,0.0,0.0,4.0,1.35,0.0,5.0,0.0,0.0,5.0,0.0,0.0,0.0,0.87,0.0,0.0,0.0,3.12068965517,0.0,0.0,4.0,0.0,2.14814814815,8.0,4.0,0.0,0.0652173913043,3.33333333333,0.0,0.0,0.0,0.0,2.4,5.33333333333,0.5,0.0,0.0,5.0,4.02631578947,8.0,3.0,4.0,0.0,0.542592592593,0.0,9.0,1.5,0.0,5.0,2.5,0.0,0.341203703704,0.1,4.26315789474,8.26315789474,0.0,0.0,0.0,0.222222222222,1.04166666667,34371-171._The_Mill-Wheel.musicxml,4.0,0.104761904762,4.02631578947,3.33333333333,0.0,0.0416666666667,0.666666666667,0.0,2.16666666667,8.0,0.0,0.0,0.0
0.0,10.3333333333,0.0,0.0,0.243902439024,0.0,3.0,3.0,3.0,0.0,0,0.0,7.25,0,7.25,5.54022988506,1.0,0.0,0.0,0.0,0.0,0.08,0.0,7.16666666667,0,14.0,3.0,5.0,0,2.0,0.0,0.0,0.760869565217,0.576923076923,0.0,0.0,0.08,5.0,0.0,14.0,1.75,0.0,0.0,2.0,0.576923076923,3.0,3.0,0.0,15.0,3.0,14.0,0.0,0.0,0.776859504132,0.0,0.0,3.0,3.27586206897,3.0,3.0,2.44444444444,0.0,2.0,3.0,0.0,0.0,0.0,4.20588235294,0.0,0.0,0.0,0.0,3.0,0.0,0.5,0.0,0.0,3.0,3.12643678161,3.0,3.0,0.0,0.0,0.387111111111,3.0,10.0,0.0,0.0,3.0,2.3,0.0,0.281308259629,0.4,4.30769230769,6.65384615385,0.0,15.0,0.0,0.0,1.23529411765,34236-45._Barcarole_(Op._45_No._8)_(Heller)_2.musicxml,2.34615384615,0.0493018544491,3.12643678161,3.0,0.0,0.235294117647,0,0.0,2.5,11.0,0.0,5.90666666667,0.0
0.552,8.4,0.0,0.0,0.165413533835,0.0,2.0,4.0,5.0,0.0,0,0.0,5.21428571429,0,5.21428571429,3.25333333333,0.0,0.175675675676,0.0,0.0,0.0,0.0272727272727,0.0,6.41666666667,0,0.0,2.0,3.0,0,2.0,0.0,3.5,0.601891252955,0.0,0.725490196078,0.0,0.0263157894737,6.0,0.0,9.0,2.11111111111,0.0114942528736,0.0,2.0,0.0,2.0,3.0,0.0,10.0,3.0,0.0,0.0133333333333,0.008,0.527559055118,0.824324324324,0.0,2.0,2.36781609195,2.0,2.0,1.8,0.0,1.02666666667,5.0,0.0,0.0,0.156862745098,3.5,0.0,0.0,0.0,0.0,3.0,6.0,1.0,0.0,0.0,2.25,0.0,5.0,3.0,0.0,0.0196078431373,0.539093137255,2.0,11.0,0.0,0.0,2.0,1.47058823529,0.4,0.286581866789,0.2,2.58695652174,5.21739130435,0.0,10.0,0.0,0.0133333333333,1.31818181818,34337-132._Hornpipe_(Loeillet)_1.musicxml,2.63043478261,0.0,0.0,5.0,0.0,0.318181818182,0.0277777777778,0.0,2.25,8.0,0.0,6.38461538462,0.0
0.0144927536232,12.0,0.0,0.0,0.0224719101124,0.0,7.5,6.0,4.0,0.0,0,0.0,8.0,0,8.0,2.49090909091,0.0363636363636,0.0,0.0,0.0,0.0,0.046875,2.0,9.25531914894,0,11.5833333333,0.0,14.0,0,4.0,0.0,3.05405405405,0.569618758435,1.5,0.0,1.88405797101,0.0,14.0,0.0,14.0,1.43333333333,0.0168067226891,3.08333333333,4.0,0.0652173913043,0.0,12.0,0.0,12.0,12.0,11.5833333333,0.0181818181818,0.0,0.511764705882,0.0149253731343,0.0,0.0,4.40336134454,0.0,0.0,2.625,0.0727272727273,1.92727272727,5.0,2.0,0.0,0.0,7.44444444444,0.0,0.0,0.0,0.0,1.66666666667,4.51351351351,0.25,2.58333333333,5.16666666667,5.33333333333,2.75,5.0,4.0,2.0,0.0,0.440500944313,0.0,12.0,0.0223880597015,0.380952380952,14.0,1.72222222222,0.0,0.253706168647,0.1,7.35294117647,12.0588235294,0.0,12.0,5.75,0.336363636364,2.34920634921,34288-90._Wall_Street_Rag_(Joplin)_4.musicxml,4.70588235294,0.0,2.75,1.66666666667,0.0,0.587301587302,0.047619047619,1.94029850746,1.33333333333,10.6060606061,0.0,6.0,0.0
0.535211267606,0.0,0.0,0.0,0.178082191781,0.0,3.0,10.0,3.0,0.0,0,0.0,3.28571428571,0,3.28571428571,1.975,0.375,0.04,0.0,0.0,0.0,0.188405797101,0.0,5.5,0,0.0,5.0,5.0,0,1.0,0.0,0.0,0.644444444444,0.0,0.0,0.0,0.05,12.0,0.0,12.0,1.53333333333,0.0,3.30769230769,1.0,0.633802816901,0.0,1.0,0.0,0.0,1.0,0.0,0.0,0.0,0.614173228346,0.34,0.0,5.0,2.6091954023,0.0,5.0,1.52380952381,0.0,1.375,6.0,0.0,0.0,1.0,2.79166666667,0.0,0.0,0.0,0.0,2.25,0.0,1.0,0.0,5.61538461538,3.2,3.56666666667,3.0,1.0,0.0,0.0,0.534318738022,0.0,9.0,0.9,0.270833333333,5.0,1.52380952381,0.0281690140845,0.334775587867,0.1,3.42424242424,6.33333333333,0.0,0.0,0.0,0.0,1.83333333333,34391-193._Old_King_Cole.musicxml,2.90909090909,0.0755889724311,3.56666666667,3.0,0.0,0.291666666667,0.244897959184,0.0,2.0,8.0,0.0,5.0,0.0
0.212765957447,10.0,0.0,0.0,0.294871794872,0.0,1.625,5.0,4.0,0.0,0,0.0,3.85714285714,0,3.85714285714,3.32,0.12,0.0,0.0,0.0,0.0,0.0,0.0,10.0,0,11.5,2.0,6.0,0,5.0,0.0,3.25,0.547826086957,1.125,0.0,0.170212765957,0.0,6.0,0.0,9.0,1.86666666667,0.0,3.66666666667,5.0,0.382978723404,0.0,5.0,0.0,13.0,5.0,11.5,0.0,0.0,0.61,0.209302325581,0.0,2.0,2.71276595745,0.0,2.0,1.625,0.0,1.28,9.0,0.0,0.0,0.25,2.29411764706,0.0,0.0,0.0,0.0,5.0,4.5,0.5,0.0,6.33333333333,1.625,4.83333333333,4.0,9.0,0.0,0.0,0.577260981912,0.0,12.0,0.313953488372,0.705882352941,5.0,1.57142857143,0.0,0.307036662547,0.2,3.72,8.52,0.0,11.0,0.0,0.08,2.6862745098,34234-43._April-Snowdrop_(Tchaikovsky)_3.musicxml,4.8,0.0515297906602,4.83333333333,4.0,0.0,0.274509803922,0.0,0.186046511628,2.57142857143,11.5,0.0,7.3,0.0
0.0185185185185,0.0,0.0,0.0,0.114285714286,0.0,6.5,11.0,3.0,0.0,0,0.016393442623,7.5652173913,0,7.5652173913,2.80733944954,0.183486238532,0.0,0.0,0.0,0.0,0.0816326530612,3.0,9.20833333333,0,11.3913043478,8.0,12.0,0,8.0,0.0,0.0,0.557758753071,1.4,0.0666666666667,1.64814814815,0.307692307692,12.0,0.0,14.0,1.6,0.0588235294118,3.61363636364,8.0,0.222222222222,0.0,4.0,8.0,0.0,4.0,11.2916666667,0.0550458715596,0.0,0.490797546012,0.0215053763441,0.0,8.0,3.42016806723,0.0,8.0,2.375,0.00917431192661,1.21100917431,7.0,3.0,0.0,0.0,7.70491803279,0.0,0.0,0.016393442623,7.33333333333,2.5,0.0,0.25,3.33333333333,6.22727272727,2.83333333333,4.25,7.0,3.0,3.0,0.0,0.471296296296,0.0,13.0,0.0322580645161,0.360655737705,12.0,1.59090909091,0.00925925925926,0.258908067158,0.4,7.0,11.7647058824,0.0,0.0,8.0,0.0,2.14754098361,34259-72._Palm_Leaf_Rag_(Joplin)_3.musicxml,4.76470588235,0.0,4.25,2.5,0.0,0.377049180328,0.0470588235294,1.91397849462,2.14285714286,10.0789473684,0.0,5.375,0.0
0.236842105263,8.5,0.0,0.0,0.197044334975,0.0,0.0,3.0,3.0,0.0,0,0.0,0.0,0,0.0,2.8115942029,0.101449275362,0.0,0.0,0.0,0.0,0.00549450549451,2.0,5.36363636364,0,0.0,0.0,0.0,0,5.0,0.0,0.0,0.558562555457,1.45161290323,0.0,0.0,0.0,3.0,0.0,7.0,1.63636363636,0.0,0.0,5.0,1.13684210526,0.0,2.0,0.0,0.0,2.0,0.0,0.0,0.0,0.742268041237,0.621212121212,0.0,0.0,1.99206349206,0.0,0.0,2.33333333333,0.0,1.10144927536,3.0,2.0,0.0,0.0322580645161,3.42741935484,0.0,0.0,0.0,0.0,2.0,0.0,0.5,0.0,0.0,3.0,4.14285714286,3.0,3.0,2.0,0.0,0.655706521739,0.0,8.0,0.545454545455,0.0,0.0,1.75,0.0,0.341489998802,0,3.42424242424,8.15151515152,0.0,9.0,0.0,0.0,1.0,34219-26._Melody_(Schumann).musicxml,4.72727272727,0.0670807453416,4.14285714286,2.0,0.0,0.0,0.0169491525424,0.0,2.2,0.0,0.0,5.8,0.0
0.485294117647,8.0,0.0,0.0,0.288,0.0,8.0,8.0,2.0,0.0,0,0.0,3.7,0,3.7,2.51020408163,0.387755102041,0.0344827586207,0.0,0.0,0.0,0.370967741935,0.0,7.88,0,16.0,0.0,8.0,0,13.0,0.0,4.5,0.578409090909,0.807692307692,0.0,0.0,0.588235294118,8.0,0.0,22.0,1.85714285714,0.013698630137,3.81578947368,13.0,0.661764705882,0.0,11.0,0.0,0.0,11.0,16.0,0.0204081632653,0.0,0.495652173913,0.655172413793,0.0,0.0,3.12328767123,0.0,0.0,3.85714285714,0.0,1.42857142857,7.0,0.0,0.0,0.358974358974,6.43939393939,0.0,0.0,0.0,0.0,2.2,8.0,0.5,0.0,6.63157894737,4.5,5.36842105263,2.0,3.0,0.0,0.0,0.566925064599,0.0,13.0,0.465517241379,0.287878787879,8.0,3.1,0.0147058823529,0.3249514605,0.6,2.96,7.16,0.0,0.0,0.0,0.0204081632653,1.87878787879,34325-118._Waltz_(Op._9a_No._5)_(Schubert).musicxml,4.2,0.0680173831337,5.36842105263,2.0,0.0,0.30303030303,0.107142857143,0.0,1.6,8.6,0.0,6.5,0.0
0.747126436782,0.0,3.0,0.0,0.715596330275,0.0,4.0,3.0,3.0,3.0,0,0.0,3.0,0,3.0,1.90909090909,0.0,0.145454545455,0.0,0.0,0.0,0.317647058824,3.0,5.0,0,0.0,0.0,7.0,0,5.0,0.0,0.0,0.760869565217,0.0,0.1875,0.0,0.193548387097,7.0,3.0,7.0,1.85714285714,0.0,0.0,5.0,0.137931034483,0.0,4.0,0.0,0.0,4.0,0.0,0.0,0.0,0.741573033708,0.709090909091,0.0,0.0,1.63333333333,0.0,0.0,2.5,0.0,1.0,5.0,3.0,0.0,0.8125,2.91176470588,0.0,0.0,0.0,0.0,2.33333333333,0.0,1.0,0.0,0.0,4.0,0.0,3.0,2.0,3.0,0.0,0.57641723356,0.0,7.0,0.218181818182,0.0,3.0,1.75,0.16091954023,0.345326234842,0,2.35897435897,4.58974358974,0.0,0.0,0.0,0.0,1.05882352941,34383-184._Theme_from_the_Surprise_Symphony_(Haydn).musicxml,2.54545454545,0.0307157645667,0.0,3.0,0.0,0.0588235294118,0.388888888889,0.0,2.33333333333,0.0,0.0,5.5,0.0
0.247191011236,8.42857142857,3.0,0.0,0.230769230769,0.0,2.5,1.0,2.0,3.0,0,0.0,3.0,0,3.0,3.85333333333,0.386666666667,0.027027027027,0.0,0.0,0.0,0.0574712643678,3.0,6.68965517241,0,10.5,3.0,7.0,0,7.0,0.0,0.0,0.572199730094,0.0,0.0,0.0,0.142857142857,7.0,3.0,13.0,1.89473684211,0.0,3.59259259259,7.0,0.977528089888,0.0,3.0,7.0,11.0,3.0,9.75,0.0,0.0,0.491666666667,0.0945945945946,0.0,3.0,3.88311688312,0.0,3.0,1.84615384615,0.0,1.38666666667,6.0,3.0,0.0,1.0,4.71111111111,0.0,0.0,0.0444444444444,3.0,2.0,0.0,0.5,0.0,6.18518518519,2.5,4.62068965517,4.0,2.0,3.0,0.0,0.444362745098,0.0,18.0,1.17567567568,0.6,1.0,1.66666666667,0.0224719101124,0.250195948825,0.6,4.72,7.56,0.0,11.0,0.0,0.0,2.35555555556,34229-38._Waltz_(D._924_Op._91_No._3)_(Schubert).musicxml,2.84,0.0,4.62068965517,2.5,0.0,0.0222222222222,0.041095890411,0.0,1.9,8.63636363636,0.0,6.80952380952,0.0
0.0,9.0,0.0,0.0,0.129411764706,0.0,2.0,6.0,3.0,0.0,0,0.0,8.0,0,8.0,2.54455445545,0.306930693069,0.0,0.0,0.0,0.0,0.0684931506849,3.0,7.39393939394,0,12.1666666667,2.0,2.0,0,7.0,0.0,3.5,0.519668784029,1.5,0.0,1.35064935065,0.0,7.0,0.0,12.0,1.45833333333,0.0185185185185,2.98148148148,7.0,0.487012987013,0.0,5.0,0.0,10.0,5.0,12.1666666667,0.019801980198,0.0,0.601307189542,0.0,0.0,2.0,3.72222222222,0.0,2.0,1.85714285714,0.019801980198,1.60396039604,9.0,4.0,0.0,0.0,5.09375,0.0,0.0,0.0,0.0,2.14285714286,6.0,0.5,3.0,4.96296296296,4.0,4.51612903226,7.0,4.0,7.0,0.0,0.472242509148,0.0,12.0,0.107142857143,0.421875,2.0,1.78571428571,0.0,0.253154308738,0.4,6.41176470588,11.1764705882,0.0,10.0,7.0,0.118811881188,2.09375,34313-112._Swipesy_(Joplin)_3.musicxml,4.76470588235,0.0,4.51612903226,2.5,0.0,0.25,0.0943396226415,1.85714285714,1.8,12.1666666667,0.0,6.14285714286,0.0
0.139240506329,10.0,0.0,0.0,0.418300653595,0.0,2.33333333333,3.0,10.0,0.0,0,0.0344827586207,4.25,0,4.25,2.27272727273,0.4,0.0,0.0,0.0,0.0,0.196078431373,10.0,8.09090909091,0,18.0,4.5,9.0,0,4.0,0.0,3.19047619048,0.544444444444,0.987804878049,0.0243902439024,0.253164556962,0.137931034483,9.0,0.0,11.0,1.52173913043,0.0238095238095,0.0,4.0,0.96835443038,3.0,8.0,0.0,10.0,8.0,18.0,0.0,0.0,0.491935483871,0.105263157895,0.0,8.0,3.21428571429,3.0,6.0,2.0,0.0,2.16363636364,10.0,2.28571428571,0.0,0.170731707317,3.20689655172,0.0,0.0,0.0,0.0,2.28571428571,5.38095238095,0.5,0.0,0.0,2.33333333333,3.86363636364,10.0,10.0,10.0,0.0,0.608673522117,3.0,13.0,0.947368421053,0.0,3.0,1.58823529412,0.0126582278481,0.334534367356,0.1,6.23529411765,11.3529411765,0.0,10.0,0.0,0.381818181818,1.55172413793,34387-189._Frightening_(Op._15_No._11)_(Schumann).musicxml,5.11764705882,0.0904087627305,3.86363636364,2.28571428571,0.243902439024,0.551724137931,0.272727272727,0.263157894737,1.70588235294,9.25,0.0,6.25,0.0
0.0,8.0,0.0,0.0,0.264900662252,0.0,4.5,5.0,3.0,0.0,0,0.0,8.0,0,8.0,2.48,0.293333333333,0.0,0.0,0.0,0.0,0.0208333333333,7.0,6.94444444444,0,0.0,0.0,8.0,0,3.0,0.0,4.27027027027,0.59886977058,1.5,0.0,1.0,0.0,8.0,0.0,11.0,1.5,0.0344827586207,3.75,3.0,0.75,0.0,1.0,0.0,0.0,1.0,9.0,0.04,0.0,0.729927007299,0.0,0.0,0.0,4.03448275862,0.0,0.0,2.4,0.0,2.28,13.0,4.0,0.0,0.0,5.20634920635,0.0,0.0,0.0,0.0,2.2,5.75675675676,0.5,0.0,6.5,2.75,6.13636363636,7.0,9.0,7.0,0.0,0.390814814815,0.0,17.0,0.15,0.380952380952,1.0,1.90909090909,0.0,0.238917119749,0.2,5.82352941176,10.5294117647,0.0,0.0,0.0,0.493333333333,2.0,34276-78._Peacherine_Rag_(Joplin)_2.musicxml,4.70588235294,0.0,6.13636363636,2.5,0.0,0.238095238095,0.04,1.8,1.75,8.04347826087,0.0,6.08333333333,0.0
0.783505154639,0.0,0.0,0.0,0.545454545455,0.0,0.0,3.0,0.0,0.0,0,0.0,0.0,0,0.0,1.84090909091,0.0,0.227272727273,0.0,0.0,0.0,0.147368421053,0.0,5.07142857143,0,0.0,0.0,0.0,0,6.0,0.0,0.0,0.639716312057,0.0,0.150943396226,0.0,0.0,3.0,0.0,6.0,2.0,0.0,0.0,6.0,0.0,0.0,5.0,0.0,0.0,5.0,0.0,0.0,0.0309278350515,0.783505154639,0.727272727273,0.0,0.0,1.93442622951,0.0,0.0,3.0,0.0,1.0,2.0,0.0,0.0,0.830188679245,3.16981132075,0.0,0.0,0.0,0.0,2.0,0.0,1.0,0.0,0.0,3.0,0.0,0.0,2.0,0.0,0.0188679245283,0.626713843432,0.0,6.0,0.0,0.0,0.0,2.0,0.185567010309,0.316607538872,0,2.36363636364,4.93939393939,0.0,0.0,0.0,0.0,1.0,34207-18._Au_Clair_de_la_Lune_(Suzuki_1).musicxml,2.57575757576,0.0,0.0,0.0,0.0,0.0,0.325581395349,0.0,2.0,0.0,0.0454545454545,0.0,0.0
0.0333333333333,0.0,0.0,0.0,0.2,0.0,0.0,4.0,3.0,0.0,0,0.0,3.0,0,3.0,2.125,0.09375,0.0,0.0,0.0,0.0,0.266666666667,0.0,7.34042553191,0,12.5,0.0,0.0,0,10.0,0.0,0.0,0.559053497942,1.5,0.0,0.0,0.283018867925,4.0,0.0,16.0,2.125,0.0,0.0,10.0,1.16666666667,0.0,5.0,0.0,0.0,5.0,12.0,0.0,0.0,0.858267716535,0.0882352941176,0.0,0.0,2.23958333333,0.0,0.0,4.5,0.0,1.09375,7.0,0.0,0.0,0.0,5.28125,0.0,0.0,0.0,0.0,2.5,0.0,0.5,0.0,0.0,4.0,3.0,3.0,5.0,0.0,0.0,0.760869565217,0.0,10.0,0.617647058824,0.0,0.0,3.14285714286,0.0,0.362021940419,0.4,2.08888888889,5.26666666667,0.0,0.0,0.0,0.0,1.41666666667,34380-180._Venetian_Boat_Song_(Op._30_No._6)_(Mendelssohn)_1.musicxml,4.88,0.0,3.0,3.0,0.0,0.416666666667,0.227272727273,0.0,2.5,11.7333333333,0.0,6.0,0.0
0.047619047619,0.0,0.0,0.0,0.315789473684,0.0,5.0,3.0,2.0,0.0,0,0.0,3.46666666667,0,3.46666666667,1.97916666667,0.916666666667,0.0714285714286,0.0,0.0,0.0,0.155172413793,0.0,6.5,0,0.0,0.0,5.0,0,4.0,0.0,3.5,0.56510700242,1.04081632653,0.0,0.507936507937,0.125,5.0,0.0,7.0,1.5625,0.0,0.0,4.0,1.02380952381,0.0,2.0,0.0,0.0,2.0,0.0,0.0,0.0,0.530434782609,0.214285714286,0.0,0.0,2.97590361446,0.0,0.0,1.8,0.0,1.95833333333,6.0,0.0,0.0,0.0,2.453125,0.0,0.0,0.0,0.0,2.66666666667,6.0,0.5,0.0,0.0,3.0,3.75,2.0,3.0,0.0,0.0,0.56049382716,0.0,10.0,0.964285714286,0.0,5.0,1.46153846154,0.015873015873,0.335706074098,0.2,4.17647058824,9.82352941176,0.0,0.0,0.0,0.0208333333333,1.234375,34373-173._Soldier_Boy.musicxml,5.64705882353,0.0956510439871,3.75,2.0,0.612244897959,0.234375,0.3,0.142857142857,1.66666666667,8.0,0.0,5.0,0.0
0.375,8.0,0.0,0.0,0.207792207792,0.0,2.66666666667,2.0,7.0,0.0,0,0.0,7.83333333333,0,7.83333333333,2.9625,0.775,0.0277777777778,0.0,0.0,0.0,0.140350877193,2.0,10.2666666667,0,13.5,0.0,6.0,0,6.0,0.0,5.05,0.568234311268,0.0,0.0,0.0,0.0,6.0,0.0,16.0,1.38235294118,0.0,0.0,6.0,0.9,0.0,5.0,0.0,0.0,5.0,13.5,0.0,0.0,0.472972972973,0.305555555556,0.0,0.0,3.68292682927,0.0,0.0,3.33333333333,0.0,2.025,11.0,2.0,0.0,1.0,5.20454545455,0.0,0.0,0.0,0.0,3.0,4.7,0.5,0.0,0.0,2.66666666667,5.29032258065,11.0,3.0,2.0,0.0,0.388131313131,0.0,14.0,1.0,0.0,2.0,2.36363636364,0.025,0.235639951533,0.2,4.96666666667,7.56666666667,0.0,0.0,0.0,0.125,1.81818181818,34363-160._Valse_Sentimental_(D._779_Op._50_No._8)_(Schubert).musicxml,2.96,0.0,5.29032258065,3.5,0.0,0.818181818182,0.16,0.0,1.38235294118,12.0,0.0,6.42857142857,0.0
0.0135135135135,9.66666666667,0.0,0.0,0.228260869565,0.0,7.0,12.0,2.0,0.0,0,0.0,4.19047619048,0,4.19047619048,3.06493506494,0.220779220779,0.0,0.0,0.0,0.0,0.265306122449,0.0,6.68181818182,0,10.6666666667,0.0,7.0,0,11.0,0.121621621622,0.0,0.49619858156,0.179104477612,0.0,1.44594594595,0.340909090909,12.0,0.0,17.0,1.6,0.0,0.0,11.0,0.243243243243,0.0,13.0,8.0,10.0,13.0,10.25,0.0,0.0,0.71511627907,0.0246913580247,0.0,0.0,2.56701030928,0.0,0.0,2.71428571429,0.0,1.22077922078,6.0,0.0,0.0,0.0,5.03703703704,0.0,0.0,0.0123456790123,3.33333333333,2.66666666667,0.0,0.25,0.0,0.0,4.66666666667,5.05882352941,2.0,6.0,0.0,0.0,0.445142857143,0.0,16.0,0.296296296296,0.0,7.0,1.84210526316,0.0,0.246573454914,0,8.38461538462,16.3846153846,0.0,9.66666666667,0.0,0.0,1.2962962963,34349-144._Elegie_(Op._19_No._1)_(Gade)_2.musicxml,8.0,0.0224761904762,5.05882352941,2.0,1.76119402985,0.259259259259,0.203703703704,1.18518518519,1.90909090909,9.38461538462,0.0,6.53333333333,0.222222222222
0.586206896552,8.0,1.5,0.0,0.481481481481,0.0,3.0,6.0,7.0,2.0,0,0.0,7.375,0,7.375,2.40476190476,0.404761904762,0.0,0.0,0.0,0.0,0.0357142857143,2.0,6.08,0,0.0,4.0,9.0,0,9.0,0.0,4.44,0.538102733415,0.51724137931,0.0,0.0,0.0357142857143,9.0,2.0,11.0,1.47619047619,0.0,3.5,9.0,0.51724137931,4.0,9.0,6.5,0.0,9.0,9.0,0.0,0.0,0.454545454545,0.0,0.0,4.0,4.61904761905,4.0,4.0,2.0,0.0,2.59523809524,8.0,1.5,0.0,0.586206896552,3.88524590164,0.0,0.0,0.0327868852459,2.83333333333,2.4,7.88,0.5,0.0,6.0,3.0,7.76470588235,8.0,7.0,2.0,0.0,0.57037037037,4.0,11.0,0.0,0.360655737705,6.0,1.4347826087,0.0,0.280468919755,0.1,2.56,6.08,0.0,0.0,0.0,0.595238095238,1.95081967213,34212-20._Rosebud_(Joplin)_2.musicxml,3.52,0.0,7.76470588235,2.4,0.0,0.131147540984,0,0.0,1.8,8.14285714286,0.0,6.6,0.0
0.0208333333333,8.33333333333,5.0,0.0,0.564705882353,0.0,2.75,8.0,2.0,5.0,0,0.0125,6.5,0,6.5,3.1511627907,0.337209302326,0.0,0.0,0.0,0.0,0.0568181818182,5.0,6.79310344828,0,10.5,5.0,8.0,0,8.0,0.0,4.5,0.492381125227,0.736842105263,0.0,1.1875,0.0192307692308,8.0,5.0,16.0,1.46153846154,0.0181818181818,3.625,8.0,0.578125,5.0,8.0,0.0,10.0,8.0,10.5,0.0116279069767,0.0,0.538461538462,0.025641025641,0.0,5.0,3.40909090909,5.0,5.0,2.11111111111,0.0,1.75581395349,12.0,5.0,0.0,0.0175438596491,4.1125,0.0,0.0,0.0,0.0,2.1,8.0,0.5,0.0,6.25,2.75,5.06896551724,12.0,2.0,5.0,0.0,0.502666666667,5.0,13.0,0.346153846154,0.2,8.0,1.65217391304,0.0,0.273211268768,0.2,5.35294117647,11.1764705882,0.0,10.0,0.0,0.209302325581,1.55,34258-71._Palm_Leaf_Rag_(Joplin)_2.musicxml,5.82352941176,0.0488526645768,5.06896551724,2.1,0.982456140351,0.15,0.111111111111,1.48717948718,1.57142857143,8.38461538462,0.0,6.35,0.0
0.0347826086957,0.0,0.0,0.0,0.016,0.0,5.0,2.0,4.0,0.0,0,0.0,0.0,0,0.0,1.97058823529,0.0,0.0,0.0,0.0,0.0,0.0530973451327,0.0,5.78787878788,0,0.0,5.0,5.0,0,4.0,0.0,3.55,0.51074829932,0.0,0.0,1.5652173913,0.0,6.0,0.0,7.0,1.81818181818,0.0,0.0,4.0,0.247826086957,0.0,2.0,0.0,0.0,2.0,0.0,0.0,0.0,0.72,0.166666666667,0.0,5.0,2.79120879121,0.0,5.0,2.66666666667,0.0,1.58823529412,9.0,0.0,0.0,0.0,4.16483516484,0.0,0.0,0.0,0.0,3.66666666667,6.1,0.25,0.0,0.0,2.66666666667,0.0,4.0,3.0,0.0,0.0,0.760869565217,0.0,10.0,1.1875,0.0,5.0,2.0,0.0,0.322697668242,0.1,3.53846153846,11.4615384615,0.0,0.0,0.0,0.294117647059,1.0,34300-104._Practical_Method_41_(Op._599_No._41)_(Czerny)_2.musicxml,7.92307692308,0.0,0.0,4.0,1.97802197802,0.0,0.260869565217,0.0,2.33333333333,0.0,0.0,6.0,0.0
0.1328125,9.42857142857,3.0,0.0,0.66265060241,0.0,5.0,3.0,6.0,7.0,0,0.130434782609,4.47826086957,0,4.47826086957,3.52380952381,0.84126984127,0.0,0.0,0.0,0.0,0.166666666667,6.0,5.88888888889,0,0.0,0.0,5.0,0,12.0,0.0,3.41666666667,0.400784903435,0.25,0.0,0.59375,0.25,7.0,4.0,20.0,1.48717948718,0.197368421053,0.0,12.0,0.26953125,0.0,5.0,0.0,10.6666666667,5.0,0.0,0.0952380952381,0.0,0.29375,0.16,0.0,0.0,3.23684210526,0.0,0.0,2.0,0.0,2.03174603175,13.0,1.70588235294,0.0,0.115384615385,2.59420289855,0.0,0.0,0.0,0.0,1.70588235294,5.83333333333,0.25,0.0,0.0,3.0,3.77358490566,13.0,6.0,13.0,0.0,0.408794928498,0.0,18.0,0.3,0.0,5.0,1.79166666667,0.0,0.260810595493,0.6,5.33333333333,10.619047619,0.0,10.0,0.0,0.0952380952381,1.33333333333,34332-125._Zortzico_(Albeniz)_3.musicxml,5.28571428571,0.118455335171,3.77358490566,1.70588235294,0.615384615385,0.333333333333,0.0,0.56,1.48717948718,8.0,0.0,7.17647058824,0.0
0.0612244897959,8.0,0.0,0.0,0.0481927710843,0.0,3.0,2.0,3.0,0.0,0,0.0,8.0,0,8.0,3.10416666667,0.375,0.0,0.0,0.0,0.0,0.0769230769231,3.0,6.4375,0,0.0,4.0,7.0,0,3.0,0.489795918367,3.9,0.585981781377,0.0,0.0,1.42857142857,0,7.0,0.0,11.0,1.33333333333,0.0353982300885,3.6875,3.0,0.0,4.0,8.0,0.0,0.0,8.0,0.0,0.0416666666667,0.0,0.549019607843,0.0612244897959,0.0,4.0,4.28318584071,4.0,4.0,3.0,0.0833333333333,1.9375,6.0,1.71428571429,0.0,0.0,4.36507936508,0.0,0.0,0.0,0.0,1.71428571429,6.8,0.5,2.91666666667,6.375,3.0,6.05555555556,6.0,3.0,6.0,0.0,0.494789323737,4.0,9.0,0.0,0.253968253968,2.0,1.90909090909,0.0,0.271881241565,0.6,6.35294117647,11.1176470588,0.0,0.0,6.75,0.15625,2.25396825397,34277-79._Peacherine_Rag_(Joplin)_3.musicxml,4.76470588235,0.0,6.05555555556,1.71428571429,0.0,0.746031746032,0.0769230769231,1.42857142857,1.5,8.0,0.0,5.90909090909,0.489795918367
0.0169491525424,0.0,0.0,0.0,0.130434782609,0.0,3.1,4.0,5.0,0.0,0,0.0,4.42857142857,0,4.42857142857,3.44262295082,0.131147540984,0.0,0.0,0.0,0.0,0.140350877193,0.0,10.2,0,12.0,4.5,22.0,0,3.0,0.0,0.0,0.775,1.0,0.333333333333,0.0,0.0,22.0,0.0,22.0,2.0,0.016393442623,3.375,3.0,1.42372881356,4.5,4.0,7.625,0.0,4.0,12.0,0.016393442623,0.0,0.711111111111,0.0188679245283,0.0,8.0,3.85245901639,8.0,8.0,3.1,0.0,1.13114754098,10.0,0.0,0.0,0.0,3.24137931034,0.0,0.0,0.275862068966,3.20833333333,5.5,0.0,0.5,0.0,5.75,3.1,3.0,5.0,10.0,0.0,0.0,0.488348433661,8.0,11.0,1.47169811321,0.275862068966,4.0,2.5,0.0338983050847,0.312065370669,0.75,4.38888888889,6.94444444444,0.0,0.0,0.0,0.0,2.62068965517,34346-141._Ecossaise_(D._977_No._4)_(Schubert).musicxml,2.70588235294,0.0200486503453,3.0,5.0,0.0,0.241379310345,0.153846153846,0.0,2.8,11.0,0.0,5.71428571429,0.0
0.314814814815,8.0,0.0,0.0,0.357894736842,0.0,0.0,12.0,4.0,0.0,0,0.0,5.2,0,5.2,2.77083333333,0.166666666667,0.027027027027,0.0,0.0,0.0,0.3,3.0,8.0,0,0.0,0.0,0.0,0,8.0,0.166666666667,4.125,0.785714285714,0.264705882353,0.176470588235,0.407407407407,0.769230769231,12.0,0.0,12.0,1.4,0.0,4.2,8.0,0.444444444444,0.0,8.0,5.4,0.0,8.0,0.0,0.0,0.0,0.392857142857,0.162162162162,0.0,0.0,4.4,0.0,0.0,1.78571428571,0.0,2.0,7.0,3.0,0.0,0.647058823529,2.64285714286,0.0,0.0,0.178571428571,3.8,2.2,4.75,1.0,0.0,7.4,4.66666666667,4.75,7.0,4.0,3.0,0.0,0.57908496732,0.0,9.0,0.527027027027,0.178571428571,0.0,1.78571428571,0.0740740740741,0.33418487395,0.2,5.125,8.1875,0.0,0.0,0.0,0.416666666667,2.07142857143,34250-60._Bridal_Chorus_(Wagner)_4.musicxml,3.0625,0.0,4.75,2.2,0.0,0.178571428571,0.0740740740741,0.594594594595,1.7,8.0,0.0,6.33333333333,0.243243243243
0.434782608696,8.5,3.5,0.0,0.352941176471,0.0,4.0,4.0,2.0,6.0,0,0.0384615384615,0.0,0,0.0,4.68292682927,0.0731707317073,0.3,0.0,0.0,0.0,0.0731707317073,6.0,6.25,0,0.0,0.0,4.0,0,3.0,0.0,3.9,0.735294117647,0.0,0.0384615384615,0.0,0.0434782608696,4.0,6.0,9.0,1.5,0.0204081632653,0.0,3.0,0.0,0.0,2.0,0.0,0.0,2.0,0.0,0.0,0.0,0.614285714286,0.35,0.0,0.0,3.32653061224,0.0,0.0,2.5,0.0,2.29268292683,12.0,3.5,0.0,0.5,2.88461538462,0.0,0.0,0.0,0.0,2.22222222222,5.52,1.0,0.0,0.0,4.0,3.33333333333,7.0,2.0,6.0,0.0,0.589311469386,0.0,12.0,0.0,0.0,4.0,2.33333333333,0.152173913043,0.367190479299,0.1,3.88461538462,5.76923076923,0.0,9.0,0.0,0.609756097561,1.0,34364-161._Sweet_Dreamland_Faces_(Hutchinson).musicxml,1.88461538462,0.0778985239512,3.33333333333,3.0,0.0,0.0,0.111111111111,0.0,1.5,8.0,0.0,6.25925925926,0.0
0.0,8.22727272727,0.0,0.0,0.892561983471,0.0,2.25,7.0,4.0,0.0,0,0.0,6.71428571429,0,6.71428571429,6.3359375,0.015625,0.0,0.0,0.0,0.0,0.0,0.0,7.93939393939,0,10.0,2.25,6.0,0,3.0,0.0,3.76666666667,0.371080964686,1.5,0.0,0.0,0.0,8.0,0.0,14.0,1.69230769231,0.015625,3.25,3.0,1.5,0.0,8.0,6.0,11.0,8.0,9.42857142857,0.015625,0.0,0.982683982684,0.0,0.0,6.0,3.6640625,0.0,6.0,2.0,0.0,1.484375,8.0,0.0,0.0,0.0,3.38834951456,0.0,0.0,0.106796116505,2.66666666667,4.5,6.53333333333,0.5,0.0,5.5,2.0,4.0,4.0,5.0,0.0,0.0,0.32231292517,0.0,10.0,1.5,0.446601941748,6.0,1.54166666667,0.0,0.172498509243,0.1,6.52173913043,12.4347826087,0.0,9.25,0.0,0.234375,2.34951456311,34251-62._Awakening_in_the_Wood_(Op._109_No._12)_(Burgmuller)_1.musicxml,4.42424242424,0.0,4.0,4.0,0.0,0.135922330097,0.0,0.0,2.28571428571,8.41666666667,0.0,8.09473684211,0.0
0.253846153846,0.0,4.0,0.0,0.375,0.0,1.8,4.0,2.0,7.0,0,0.0,5.5,0,5.5,2.87142857143,0.585714285714,0.216216216216,0.0,0.0,0.0,0.0649350649351,3.0,6.26666666667,0,0.0,1.8,5.0,0,5.0,0.0,5.33333333333,0.496276536931,0.535714285714,0.196428571429,0.0153846153846,0.0909090909091,15.0,3.0,15.0,1.25714285714,0.0,5.4375,5.0,0.496153846154,1.8,4.0,0.0,0.0,4.0,9.0,0.0,0.0692307692308,0.309352517986,0.297297297297,0.0,5.0,3.59770114943,3.0,3.0,1.82352941176,0.0,1.67142857143,10.0,4.0,0.0,0.196428571429,3.56603773585,0.0,0.0,0.0,0.0,1.52941176471,5.0,0.5,0.0,6.125,1.82352941176,4.19512195122,7.0,5.0,7.0,0.125,0.433275831087,5.0,10.0,0.466216216216,0.150943396226,3.0,1.5,0.207692307692,0.288742073871,0,4.57575757576,8.33333333333,0.0,0.0,0.0,0.0428571428571,1.90566037736,34375-Pavana.musicxml,3.75757575758,0.112222863932,4.19512195122,2.5,0.0,0.603773584906,0.0454545454545,0.027027027027,1.52941176471,8.2,0.027027027027,5.45454545455,0.0
0.0,8.28571428571,2.0,0.0,0.105882352941,0.0,6.5,8.0,2.0,2.0,0,0.0,7.69696969697,0,7.69696969697,3.42307692308,0.538461538462,0.0,0.0,0.0,0.0,0.0338983050847,2.0,7.08333333333,0,12.0,0.0,12.0,0,2.0,0.0,0.0,0.548476255293,1.5,0.0,1.5737704918,0.0833333333333,12.0,2.0,14.0,1.47619047619,0.0344827586207,3.53125,2.0,0.319672131148,0.0,3.0,6.5,0.0,3.0,12.0,0.0384615384615,0.0,0.5,0.0,0.0,0.0,3.68965517241,0.0,0.0,2.375,0.0,1.53846153846,8.0,2.0,0.0,0.0,4.046875,0.0,0.0,0.03125,2.83333333333,2.75,0.0,0.5,0.0,6.0625,3.75,6.82142857143,3.0,7.0,2.0,0.0,0.547053872054,0.0,11.0,0.0,0.25,2.0,1.68421052632,0.0,0.284695594786,0.2,6.47058823529,11.1764705882,0.0,9.0,0.0,0.0,2.109375,34343-138._Sun_Flower_Slow_Drag_(Joplin)_1.musicxml,4.70588235294,0.0,6.82142857143,2.0,0.0,0.515625,0.0212765957447,2.0,1.88888888889,9.09090909091,0.0,6.46153846154,0.0
0.0,10.0,0.0,0.0,0.257142857143,0.0,3.5,1.0,5.0,0.0,0,0.0,7.2,0,7.2,2.35616438356,0.506849315068,0.0,0.0,0.0,0.0,0.0344827586207,4.0,6.86842105263,0,10.0,0.0,6.0,0,8.0,0.264705882353,4.33333333333,0.502538185085,1.5,0.0,0.352941176471,0.0416666666667,10.0,0.0,13.0,1.42857142857,0.0,3.47916666667,8.0,1.10294117647,0.0,9.0,0.0,10.0,9.0,9.8,0.0,0.0,0.592307692308,0.0,0.0,0.0,4.27586206897,0.0,0.0,1.9,0.041095890411,2.28767123288,6.0,4.0,0.0,0.0,5.37288135593,0.0,0.0,0.0,0.0,1.83333333333,7.66666666667,0.5,3.33333333333,5.95833333333,2.8,3.97297297297,5.0,6.0,4.0,0.0,0.5625,0.0,13.0,0.0,0.406779661017,5.0,1.6,0.0,0.266259546271,0,5.35294117647,10.0,0.0,10.0,8.0,0.328767123288,1.98305084746,34340-135._A_Breeze_From_Alabama_(Joplin)_2.musicxml,4.64705882353,0.0,3.97297297297,2.33333333333,0.0,0.169491525424,0.0,1.33333333333,1.76923076923,8.52941176471,0.0,6.16666666667,1.0
0.11724137931,9.0,3.0,0.0,0.626865671642,0.0,0.0,0.0,9.0,3.0,0,0.0602409638554,4.8,0,4.8,2.69444444444,0.875,0.0,0.0,0.0,0.0,0.413461538462,9.0,5.75,0,0.0,0.0,0.0,0,7.0,0.0206896551724,5.8125,0.437962962963,0.296875,0.0,0.579310344828,0.575342465753,0.0,3.0,9.0,1.39473684211,0.108695652174,0.0,7.0,0.3,0.0,8.0,0.0,0.0,8.0,0.0,0.0694444444444,0.0,0.306451612903,0.163265306122,0.0,0.0,3.14130434783,0.0,0.0,1.88888888889,0.0,2.09722222222,12.0,2.5,0.0,0.09375,1.77108433735,0.0,0.0,0.0,0.0,1.73333333333,4.875,0.25,0.0,0.0,0.0,3.65079365079,10.0,7.0,10.0,0.0,0.498333333333,0.0,14.0,0.30612244898,0.0,0.0,1.35714285714,0.0,0.310325112598,0.6,3.92307692308,8.0,0.0,9.0,0.0,0.111111111111,1.36144578313,34330-123._Zortzico_(Albeniz)_1.musicxml,5.95652173913,0.146168430335,3.65079365079,2.5,0.604166666667,0.361445783133,0.0322580645161,0.530612244898,1.39473684211,0.0,0.0,5.9,0.0612244897959
